<?xml version="1.0" encoding="UTF-8"?>
<project-private xmlns="http://www.netbeans.org/ns/project-private/1">
    <editor-bookmarks xmlns="http://www.netbeans.org/ns/editor-bookmarks/2" lastBookmarkId="0"/>
    <open-files xmlns="http://www.netbeans.org/ns/projectui-open-files/2">
        <group>
            <file>file:/C:/Users/hp/Desktop/JavaApplication3/src/javaapplication3/TestApp.java</file>
            <file>file:/C:/Users/hp/Desktop/JavaApplication3/src/javaapplication3/BankViewerFrame.java</file>
            <file>file:/C:/Users/hp/Desktop/JavaApplication3/src/javaapplication3/TrueFalseQ.java</file>
            <file>file:/C:/Users/hp/Desktop/JavaApplication3/src/javaapplication3/FillBlankQ.java</file>
            <file>file:/C:/Users/hp/Desktop/JavaApplication3/src/javaapplication3/HomeFrame.java</file>
            <file>file:/C:/Users/hp/Desktop/JavaApplication3/src/javaapplication3/QuestionBank.java</file>
            <file>file:/C:/Users/hp/Desktop/JavaApplication3/src/javaapplication3/ExamManager.java</file>
            <file>file:/C:/Users/hp/Desktop/JavaApplication3/src/javaapplication3/Question.java</file>
            <file>file:/C:/Users/hp/Desktop/JavaApplication3/src/javaapplication3/MCQ.java</file>
            <file>file:/C:/Users/hp/Desktop/JavaApplication3/src/javaapplication3/JavaApplication3.java</file>
            <file>file:/C:/Users/hp/Desktop/JavaApplication3/src/javaapplication3/RongIDException.java</file>
        </group>
    </open-files>
</project-private>
